CustomerID,CustomerName,Gender,JobTitle
60760224,Louie Hinsche,Male,Mechanical Systems Engineer
67457594,Alexandros Manuel,Male,Structural Engineer
58411135,Alvie Weighell,Male,Systems Administrator III
5915307,Flint Gunston,Male,Operator
51655189,Alyssa Filpi,Female,Software Engineer III
658110001,Wiatt Piche,Male,Professor
31722328,Findlay Alberti,Male,Biostatistician III
54162018,Ottilie Wittman,Female,Administrative Officer
449110060,Kirsten Calvey,Female,Assistant Manager
548685732,Archer Landsborough,Male,Speech Pathologist
9551015,Duff Dodgshun,Male,Developer I
54838101,Barry Delves,Female,Analog Circuit Design manager
49825119,Libbey Divell,Female,VP Sales
54799504,Demetria Hazelgrove,Female,Human Resources Assistant IV
437420059,Creigh Wreakes,Male,Internal Auditor
687889728,Erv Manville,Male,Senior Developer
2282672,Mychal Zanetti,Male,Social Worker
21695215,Jermain Proudman,Male,Senior Editor
37000352,Liuka Dundin,Female,Desktop Support Technician
492880606,Timmy Duck,Female,Payment Adjustment Coordinator
496931801,Barbee Cathel,Female,Chemical Engineer
23155141,Aimee O'Canavan,Female,Project Manager
655170027,Iain Potell,Male,Software Consultant
7039258,Marylin Tresvina,Female,Staff Scientist
50988176,Letisha Mahoney,Female,Professor
551548252,Way Cossell,Male,Compensation Analyst
51143213,Ahmad McNiven,Male,VP Quality Control
42507612,Phillipe Fussie,Male,Director of Sales
76237162,Beryle Carlan,Female,Accounting Assistant IV
692430610,Ernesta Tzarkov,Female,Assistant Media Planner
75936123,Hailey Doorbar,Male,Human Resources Manager
51346179,Ricoriki Egalton,Male,Help Desk Technician
10849001,Mateo Gawith,Male,Compensation Analyst
52125632,Jeffy Duckworth,Male,Senior Financial Analyst
538080603,Reese Lace,Male,Associate Professor
68387695,Joete Rigmond,Female,Internal Auditor
6031384,Orland Morpeth,Male,Nurse
55289697,Nissie Piller,Female,Safety Technician IV
339924948,Pablo Mithon,Male,VP Accounting
49938102,Lishe Healeas,Female,Programmer Analyst III
24488032,Coriss Toller,Female,Payment Adjustment Coordinator
11697373,Friedrich Roswarne,Male,Cost Accountant
437420339,Camile Dewhurst,Female,Structural Analysis Engineer
62499395,Barrett Eminson,Male,Web Designer IV
551546649,Joly Tincknell,Female,Financial Analyst
51523018,Homere Denford,Male,Operator
52959997,Kilian Ivie,Male,Cost Accountant
37205458,Bobette Tittletross,Female,Accounting Assistant II
2680899,Deanne Andreolli,Female,Assistant Media Planner
65321515,Maje MacShirie,Male,Programmer I
66854024,Jacinthe Deekes,Female,VP Marketing
30142163,Aguie Woodland,Male,Data Coordiator
687889178,Eldon Bartlam,Male,General Manager
5177630,Marlane Nutten,Female,Product Engineer
369871206,Gery Zamora,Male,VP Marketing
936126,Nichole Longlands,Female,VP Sales
51060009,Ted Schroter,Female,Quality Control Specialist
55319533,Maximilien Cortez,Male,Engineer I
4091163,Ase Giannazzi,Male,GIS Technical Architect
61336001,Chrissie Whittaker,Male,Web Developer III
1350460,Chadd Firpi,Male,Administrative Assistant III
53150411,Caro Pettegre,Female,Administrative Assistant II
605601072,Huberto Lawdham,Male,Actuary
523803101,Madonna Sultan,Female,Staff Scientist
511411000,Tibold Glanfield,Male,Compensation Analyst
7816523,Veriee Scrivner,Female,Registered Nurse
43196514,Cristian Peschka,Male,Occupational Therapist
63824750,Desi Feldbaum,Male,Quality Engineer
64980183,Winna Heber,Female,Automation Specialist IV
35356844,Blondie Pirie,Female,Business Systems Development Analyst
68180403,Lynde Kiezler,Female,Biostatistician II
24987562,Morie Mowsdell,Male,Librarian
548684250,Giusto Bollis,Male,Geological Engineer
534990390,Marwin Francescozzi,Male,VP Marketing
13537110,Anatollo Pow,Male,GIS Technical Architect
41520199,Arlinda Stocker,Female,VP Accounting
9444351,Joan Beddon,Female,Marketing Manager
765191017,Blythe Lampens,Female,Accountant I
45963538,Ozzie Oade,Male,Database Administrator III
64117252,Niels Bushe,Male,Desktop Support Technician
43269669,Vidovic Elwood,Male,Nuclear Power Engineer
1850157,Hymie Swyndley,Male,Senior Cost Accountant
24208544,Sharron Cranna,Female,Staff Scientist
29149001,Ericha Hagard,Female,Account Representative IV
2995980,Charin Henriksson,Female,Research Assistant III
672039,Dinny O'Cooney,Female,Financial Analyst
557144426,Alphard Quantrill,Male,Programmer Analyst IV
37808008,Niven Derrington,Male,Research Assistant IV
650643,Theodoric Padley,Male,Staff Accountant III
53746102,Ada Strange,Female,Help Desk Operator
55700020,Gabriello Hegdonne,Male,Technical Writer
2062100,Gussy Murison,Female,Chemical Engineer
68462179,Haley Nockells,Female,Account Representative I
76439273,Abigael Smalridge,Female,Health Coach II
52959144,Gunther Stubbs,Male,Chief Design Engineer
64205101,Wallas Lewing,Male,Structural Analysis Engineer
548686077,Osgood Dunkerk,Male,Safety Technician IV
5550140,Alvinia Alasdair,Female,Help Desk Operator
656910105,Arleta Blondelle,Female,General Manager
551549357,Barbie Bridywater,Female,Dental Hygienist
52125866,Curcio Januszewski,Male,Project Manager
54458907,Georgiana Decker,Female,Financial Analyst
33261228,Angus Bilbey,Male,Analyst Programmer
115841060,Gerek Timmins,Male,Physical Therapy Assistant
3631024,Garald Shepland,Male,Cost Accountant
50268452,Michelle McLagain,Female,Human Resources Assistant IV
37808817,Morgun Pfaff,Male,Senior Quality Engineer
68084009,Carmel Gentzsch,Female,Research Nurse
65862599,Paton Clynman,Male,VP Sales
519181001,Danya Lambis,Male,Staff Scientist
551546127,Robbert Goodhand,Male,Senior Editor
369872014,Freeman Firbank,Male,Recruiting Manager
61598200,Bobbi Collingdon,Female,Legal Assistant
55315455,Eddi Merryweather,Female,Occupational Therapist
59078039,Judy Hunt,Female,VP Marketing
68026544,Gustave Velte,Male,Project Manager
21695835,Nellie Lockier,Female,Senior Editor
68084713,Stanford Rusted,Male,Editor
49349191,Richardo Beaver,Male,Programmer II
676045,Onofredo Breede,Male,Programmer Analyst I
100960158,Vanni Usher,Female,Product Engineer
5740427,Arlette Cattanach,Female,Editor
49715019,Babbette Champken,Female,Internal Auditor
605053780,Ade Mityashev,Male,Senior Developer
492880302,Ody Karolczyk,Male,Office Assistant II
50036571,Harrietta Fealey,Female,Help Desk Technician
47335203,Kahaleel Rosengart,Male,Accountant IV
557144401,Fitz Gretton,Male,Project Manager
36800004,Steven Enders,Male,Assistant Media Planner
511415000,Sabine Maude,Female,Tax Accountant
653420001,Bill Richten,Female,Compensation Analyst
37205664,Yalonda Lampert,Female,Business Systems Development Analyst
681510329,Georgiana Basilone,Female,Cost Accountant
61786020,Irving Winear,Male,Speech Pathologist
24488027,Trey Jirick,Male,Senior Cost Accountant
47682903,Lane Boreham,Male,Web Designer II
1130277,Heywood Matuszkiewicz,Male,Information Systems Manager
68220160,Renato Bahike,Male,Accounting Assistant II
55111697,Guilbert Twitchett,Male,Programmer I
30142104,Germayne Meryett,Male,Speech Pathologist
52959880,Sonya Briscam,Female,Assistant Media Planner
42043171,Tove Arrundale,Female,Engineer III
59779115,Haskell Gilfether,Male,Database Administrator IV
681514021,Ora Banghe,Female,Associate Professor
67046017,Cirstoforo Pitsall,Male,Senior Editor
691520006,Ermina Brambill,Female,Operator
49348274,Roberto Voase,Male,Structural Engineer
53620101,Zea O'Dooghaine,Female,Research Associate
43353754,Geoffrey Ackermann,Male,Pharmacist
650454,Leela Gregolin,Female,Legal Assistant
66758004,Wilmar Rennebach,Male,Clinical Specialist
650446693,Rafaelia Grzeskowski,Female,Research Associate
1210772,Allissa Gwilt,Female,General Manager
664970001,Maxim Aizlewood,Male,Biostatistician I
49348616,Yasmeen Ridulfo,Female,Automation Specialist II
635650001,Modesta Canedo,Female,Software Consultant
59262259,Josey Pargetter,Female,Statistician III
11564003,Kendra Pearmine,Female,Recruiter
66336099,Kimbell Trawin,Male,Dental Hygienist
636293279,Millard Rathmell,Male,Programmer III
1680277,Sheryl Flasby,Female,Marketing Assistant
35356251,Editha Harpham,Female,GIS Technical Architect
76433002,Eran Meece,Female,Help Desk Operator
10348010,Saloma Dilley,Female,Project Manager
6997051,Francois Tankard,Male,Office Assistant II
687889141,Aile Rodell,Female,Assistant Professor
2680654,Datha Christon,Female,VP Accounting
42549497,Ryann Torel,Female,Paralegal
53305074,Addy Kale,Male,Media Manager II
43269780,Armstrong Cripin,Male,Chemical Engineer
536031006,Gonzales Shoard,Male,Community Outreach Specialist
681511471,Ross Leither,Male,Automation Specialist IV
49349272,Willard France,Male,VP Product Management
63029633,Claudius Ranaghan,Male,Programmer II
489518189,Leigh Tomeo,Female,Teacher
35356882,Burk Philpin,Male,Human Resources Manager
41163478,Dugald Deakin,Male,Senior Cost Accountant
60429028,Zora Kobpac,Female,Speech Pathologist
63187181,Filippa Fowlie,Female,Cost Accountant
36800010,Lula MacIllrick,Female,Food Chemist
49349926,Pieter Gerardet,Male,GIS Technical Architect
628392810,Jarib O'Currane,Male,Clinical Specialist
551545676,Derick Blaasch,Male,Financial Analyst
52686320,Bucky Lappine,Male,Accountant II
59115130,Judah Greatbank,Male,Executive Secretary
15127311,Allan Lipgens,Male,VP Marketing
16571150,Shir Bullent,Female,Payment Adjustment Coordinator
54340809,Coleen Chalder,Female,Safety Technician IV
24385549,Matty Dabinett,Male,Marketing Manager
55711066,Dennison Chaytor,Male,Design Engineer
59054140,Madelaine Ratray,Female,Software Consultant
438570026,Julia Ettery,Female,Payment Adjustment Coordinator
61667001,Penny Stoter,Male,Food Chemist
55316478,Billie Bullivant,Male,Civil Engineer
538080737,Trudi Scapelhorn,Female,Operator
60429981,Gianna Clarson,Female,Database Administrator I
590621227,Karalee Lackmann,Female,Quality Control Specialist
7811971,Nananne Itskovitz,Female,Software Test Engineer III
548681971,Dorry Bramwich,Female,Quality Engineer
1214675,Jourdain Kingzeth,Male,Assistant Manager
66312110,Garrett Enrdigo,Male,Structural Analysis Engineer
57337061,Haze Asple,Male,Web Developer II
11673165,Edouard Gulleford,Male,Administrative Officer
108193737,Broddy Takle,Male,Civil Engineer
52533024,Elsa Fayter,Female,Senior Financial Analyst
41163271,Eirena Mardlin,Female,Analyst Programmer
10337332,Merle Cubberley,Female,Financial Advisor
68405014,Madge Farndell,Female,Media Manager III
606812105,Meir Poff,Male,Design Engineer
15127831,Gwendolyn MacConneely,Female,VP Accounting
65862536,Keen Galego,Male,Mechanical Systems Engineer
44717536,Merrill Ryves,Male,Director of Sales
115237371,Creight Minico,Male,Director of Sales
3787185,Llywellyn Speedin,Male,Tax Accountant
37000199,Killy Breton,Male,Assistant Manager
16590080,Joline Mohun,Female,Dental Hygienist
67253264,Miran Poulsum,Female,Business Systems Development Analyst
5913602,Vanny Culham,Female,Compensation Analyst
67046806,Linoel Kingsmill,Male,Staff Scientist
21695285,Reinhard Leachman,Male,Budget/Accounting Analyst III
60429505,Corie Charnick,Female,Senior Quality Engineer
682586100,Brandy Marcome,Male,Developer IV
52584024,Georgia Versey,Female,Actuary
369871607,Kitty Bryers,Female,VP Product Management
492150001,Flory Martugin,Female,Human Resources Manager
50563112,Trip Stansell,Male,Budget/Accounting Analyst I
52642006,Petra Joliffe,Female,Human Resources Manager
5551056,Noelle Gullan,Female,Budget/Accounting Analyst I
41250467,Hatty Melmore,Female,Assistant Media Planner
76237153,Cindy Gertray,Female,Recruiter
55143012,Alex Longhi,Female,Pharmacist
35356301,Gerti Morston,Female,Account Coordinator
101579875,Bernadene Lorkings,Female,Administrative Officer
369871048,Deana Chillingworth,Female,Recruiting Manager
58411102,Marne Vinsen,Female,Junior Executive
687889942,Webb Jenk,Male,Financial Advisor
16590244,Enriqueta Blissett,Female,Research Nurse
63739283,Kristofor Mobius,Male,Account Representative II
641596989,Olivia Lord,Female,Sales Associate
50844753,Arielle Chrestien,Female,Research Nurse
14783323,Johannes Gentzsch,Male,Editor
548685607,Domenico Starmer,Male,Chemical Engineer
582329911,Dione Kenington,Female,Teacher
36800647,Oran MacCrann,Male,Director of Sales
118220900,Will Lumley,Male,Statistician IV
434581004,Dawna Crier,Female,Executive Secretary
37808437,Sigismondo Gillings,Male,Speech Pathologist
68135020,Fidelia Lauchlan,Female,Teacher
42411043,Marta Collens,Female,Junior Executive
18860678,Amy Roderigo,Female,Geologist II
51060045,Dione McPartling,Female,Help Desk Technician
47593359,Laurette Carn,Female,Developer IV
61245146,Elwin Breckon,Male,Electrical Engineer
4563407,Saundra Demcak,Male,Teacher
49349866,Van Ayree,Male,Chemical Engineer
49349952,Lora Chomicki,Female,Sales Associate
24236063,Andromache Bernardez,Female,Analyst Programmer
59011444,Jordan Heatlie,Male,Software Test Engineer IV
492880176,Elvis Woollin,Male,GIS Technical Architect
68752025,Agathe Vanelli,Female,Assistant Professor
630141600,Dannie Abba,Female,Web Designer II
16864001,Chico Adrienne,Male,Sales Representative
538080396,Eddie Ortsmann,Female,Safety Technician IV
14783451,Deina Tallyn,Female,Software Engineer I
691520078,Peria Bovis,Female,Biostatistician II
68387802,Riley McGeechan,Male,Internal Auditor
369872864,Nolly Kayser,Male,Safety Technician I
57237025,Germain Darleston,Female,Account Representative IV
6820334,Tiebout Pizzey,Male,Marketing Assistant
2583687,Natale Swabey,Male,Environmental Specialist
682583024,Stearne Fullerton,Male,Web Designer III
61722160,Suzette Danzelman,Female,Computer Systems Analyst III
54340779,Madelon Ambroz,Female,Design Engineer
13734023,Mano Valeri,Male,Accountant III
7813315,Bengt Idiens,Male,Assistant Manager
41163496,Britta Danielsky,Female,Desktop Support Technician
60951,Felike Penvarne,Male,Media Manager II
61755001,Jobye Dowzell,Female,VP Marketing
489516040,Cristabel Killshaw,Female,Computer Systems Analyst I
68391517,Lois Braunstein,Female,Nuclear Power Engineer
60429369,Chandler Hawkett,Male,GIS Technical Architect
30142406,Matthieu Bonifant,Male,Accountant IV
45802806,Brande Sebright,Female,Project Manager
43269612,Dorena Coatham,Female,Librarian
551541855,Elladine Rivaland,Female,Executive Secretary
49967159,Griselda Ginnaly,Female,Sales Associate
59746211,Madonna Agge,Female,GIS Technical Architect
61047817,Hart Martins,Male,Accounting Assistant II
504364379,Maryl Jacquemard,Female,Graphic Designer
42627229,Sophey Chaves,Female,Information Systems Manager
68703004,Renell Spacy,Female,Actuary
65365005,Augy Tindle,Male,Speech Pathologist
6410948,Ingelbert Huggill,Male,Assistant Media Planner
551543437,Sandor People,Male,Executive Secretary
59779224,Alain Kettell,Male,VP Quality Control
2686635,Clayborn Matyukon,Male,Data Coordiator
545692483,Tammy Orvis,Male,Research Associate
16477811,Ludwig Hovert,Male,Research Associate
52544044,Rupert Ropcke,Male,Web Developer II
21695473,Ethel Abeles,Female,Accountant II
70253348,Crissie Snasdell,Female,Systems Administrator III
64406016,Archer Cocks,Male,Structural Analysis Engineer
7130166,Annmaria Thireau,Female,Biostatistician II
3631298,Leopold Shorto,Male,Teacher
679381397,Clarissa Bruniges,Female,Recruiting Manager
54838144,Misha Schrader,Female,Financial Analyst
53113266,Carine Watman,Female,Statistician I
2680807,Man Ollet,Male,Budget/Accounting Analyst III
58517340,Gennifer Mor,Female,Business Systems Development Analyst
3786201,Thorvald Perry,Male,Senior Developer
98132728,Normie Ghelardoni,Male,Biostatistician IV
234964,Flss Darker,Female,Design Engineer
616570959,Tabbitha Redmain,Female,Geological Engineer
682588973,Mel O'Sherin,Female,Recruiter
605050265,Linet Bastock,Female,Civil Engineer
46123039,Dominick Holdforth,Male,Engineer IV
59779405,Elizabet Barthot,Female,Desktop Support Technician
3639170,Oliy Kelloway,Female,Senior Sales Associate
41163120,Eudora Brumbie,Female,Automation Specialist I
545690843,Matilda Kegan,Female,VP Sales
49778002,Agnes Woolmer,Female,Analyst Programmer
650530,Zebadiah Kewzick,Male,Media Manager III
551544651,Jeffrey Toye,Male,Structural Engineer
1871221,Eric Kleinert,Male,Automation Specialist I
59779574,Emmit Loder,Male,Dental Hygienist
55289531,Delbert Farmery,Male,Registered Nurse
60429288,Robert Vicarey,Male,Nurse Practicioner
369871248,Opal Leynham,Female,Social Worker
30142462,Rosemonde Gathercole,Female,GIS Technical Architect
641597693,Rip Aspinell,Male,Marketing Manager
61919992,Perry Kirimaa,Male,Business Systems Development Analyst
489518160,Keith Crickett,Male,Senior Editor
30142733,Karolina Churcher,Female,Social Worker
43063051,Page Rotherforth,Female,VP Accounting
50300010,Yancy Plowell,Male,Web Designer IV
548684986,Wyn Grassin,Male,VP Accounting
605126032,Jarad Briatt,Male,Office Assistant IV
53877009,Jodee Bouskill,Female,Food Chemist
1780370,Fair Ingry,Male,Web Designer IV
50458515,Nate Batcock,Male,Tax Accountant
55111396,Katherina Colmer,Female,Account Representative II
65923703,Velma Windrus,Female,Pharmacist
5559027,Aron Pauler,Male,Speech Pathologist
68647167,Dorette Deverale,Female,Marketing Assistant
15828106,Nicola Tolchar,Male,Research Nurse
679380904,Brit Haville,Male,Project Manager
1790080,Ryann Kinney,Female,Accounting Assistant IV
42254305,Lorrie Grover,Female,Analog Circuit Design manager
7815527,Florance Knapp,Female,Health Coach III
52584626,Brenda Leggat,Female,Research Associate
57664203,Aurora Vinnick,Female,Pharmacist
21695015,Julianne Hatliffe,Female,Information Systems Manager
10705077,Selie Hurkett,Female,Biostatistician III
55316994,Emilio Bontoft,Male,Dental Hygienist
15127335,Erica Letham,Female,Web Developer IV
36000175,Audrie Wilber,Female,Data Coordiator
54295307,Kareem Wayper,Male,Director of Sales
42549604,Denys Lehrian,Male,Database Administrator III
57344018,Seward Lott,Male,Financial Advisor
10812421,Hildegarde De Rye Barrett,Female,Cost Accountant
557142351,Royce Woodyear,Male,Senior Financial Analyst
3380520,Sholom Tolland,Male,Paralegal
12634537,Amii Sydall,Female,VP Accounting
521240107,Elise Saunt,Female,Pharmacist
575200112,Saw Courtes,Male,Operator
4620264,Sukey Foan,Female,Registered Nurse
76293037,Rowan Storey,Male,Chief Design Engineer
7815613,Gerry Yitzhakov,Male,Senior Editor
575200203,Fairleigh Tremaine,Male,Chief Design Engineer
52685427,Kakalina Parsonson,Female,Web Designer I
50563149,Maybelle Morrel,Female,Developer IV
100960181,Jocelin Duprey,Female,Account Coordinator
49349381,Sammy Officer,Male,Quality Engineer
6156557,Aile Wolfenden,Female,Accounting Assistant I
68084513,Allyce Dillamore,Female,Technical Writer
5364086,Gunner De la Harpe,Male,Assistant Professor
59663110,Warden Cone,Male,Recruiting Manager
52584950,Lucais Larvent,Male,Marketing Assistant
1350505,Quinlan Macken,Male,Assistant Manager
49349892,Lorena Calleja,Female,Budget/Accounting Analyst IV
6157507,Fanya Harborow,Female,Geologist II
935142,Lexie Lymbourne,Female,Cost Accountant
498171992,Delmer Trinke,Male,Nuclear Power Engineer
49283511,Reba Sillis,Female,Account Executive
36800262,Eudora Joscelyne,Female,Developer I
489511035,Judye Dayes,Female,Research Associate
5271326,Alisa Eastcott,Female,GIS Technical Architect
52862201,Alejoa Izhaky,Male,VP Product Management
551543953,Lamond O'Cullinane,Male,Information Systems Manager
551545627,Gottfried Danhel,Male,Graphic Designer
647250773,Bronny Gerren,Male,Systems Administrator II
548680644,Paquito Gasgarth,Male,Professor
504366624,Clea Hubball,Female,Geologist II
369873322,Piggy Lorimer,Male,Physical Therapy Assistant
49349872,Kittie Hedling,Female,Food Chemist
3783000,Reinald Dayley,Male,Tax Accountant
369873131,Kynthia McLleese,Female,Database Administrator IV
4720166,Ring Briston,Male,Tax Accountant
636294018,Korie Dyte,Female,Sales Associate
606812301,Berkie Tesdale,Male,Internal Auditor
55910664,Amberly Spurgeon,Female,Associate Professor
52083637,Lindon Vidineev,Male,Compensation Analyst
67386421,Carter Ingamells,Male,Programmer I
3380047,Georg Scrancher,Male,Information Systems Manager
55289251,Ford Collopy,Male,Junior Executive
21695628,Teodoor O'Curneen,Male,Programmer Analyst IV
49348934,El Bumpus,Male,Electrical Engineer
55289663,Leighton Joffe,Male,Safety Technician I
636291605,Betteanne Hutchcraft,Female,VP Quality Control
118220656,Worden Camerello,Male,Sales Representative
61328001,Jolynn Bubeer,Female,Accountant III
504368102,Helene Allaway,Female,Librarian
54111113,Finlay Addison,Male,Web Developer II
30698202,Ginny Satford,Female,Quality Control Specialist
4300115,Georgiana Leimster,Female,Editor
24115,Rafaela Hummerston,Female,Research Associate
650446590,Cathi Picker,Female,Office Assistant IV
56149001,Kizzee MacGregor,Female,Cost Accountant
55648953,Sonny Nurcombe,Male,Software Consultant
2681139,Joannes Collingdon,Female,Assistant Media Planner
492880142,Ange Dearan,Male,VP Sales
64117118,Elwood Magrane,Male,Staff Accountant I
15127550,Germaine Quincey,Female,Accountant I
369871770,Euphemia McNuff,Female,Sales Associate
636294730,Jaime Roistone,Female,Structural Analysis Engineer
595358101,Elga Ardy,Female,Junior Executive
47593507,Chick MacCracken,Male,Administrative Assistant IV
68647193,Wilhelmina Pantone,Female,Statistician IV
438570150,Anetta Pohlke,Female,Research Assistant I
59970051,Tybi Lazenby,Female,Civil Engineer
37000555,Edd Stille,Male,Analyst Programmer
11673027,Tiebold Brinson,Male,Programmer IV
69075001,Tristam Le Breton,Male,Financial Analyst
492880826,Hillyer Snartt,Male,Teacher
13537503,Charin Witt,Female,Research Associate
55550102,Ly Hordle,Male,Product Engineer
650441437,Callida Causer,Female,Food Chemist
51785514,Teodor Lawly,Male,Analyst Programmer
540435,Nalani Micka,Female,Engineer III
548181,James Doneld,Male,Computer Systems Analyst II
53489330,Judy Kopf,Female,Environmental Specialist
681511174,Blondell Liddard,Female,Senior Quality Engineer
35356698,Ive Dunsford,Male,Payment Adjustment Coordinator
636295191,Tedmund Ould,Male,Teacher
1680279,Brady Dahlen,Male,Sales Associate
52959386,Ursuline Burniston,Female,Web Designer IV
369872212,Jessee Lidgely,Male,Internal Auditor
61715118,Jackquelin Stradling,Female,Compensation Analyst
52810411,Riordan Laise,Male,Account Coordinator
66993902,Kennan Tumbelty,Male,Environmental Tech
76439218,Kristyn Kenrat,Female,Nurse Practicioner
7037045,Nanni Pumfrett,Female,GIS Technical Architect
21695655,Woodie Leif,Male,Account Representative II
63323086,Haven Piggen,Male,Payment Adjustment Coordinator
3638130,Wendi Kineton,Female,Structural Engineer
55305116,Minnnie McGougan,Female,Recruiter
2681007,Rozella Bedboro,Female,Structural Engineer
65966001,Cindie Nanuccioi,Female,Payment Adjustment Coordinator
51079575,Joy Sandyford,Female,Help Desk Technician
53877006,Celene Hymas,Female,Account Representative I
66116402,Dayle Newbatt,Female,Staff Accountant III
61715108,Duke Fruchon,Male,Junior Executive
52033001,Millard Corneille,Male,Dental Hygienist
605050821,Waite Huckin,Male,Graphic Designer
42507374,Eldredge Sleath,Male,Tax Accountant
14783099,Germaine Jarrard,Female,Director of Sales
682583032,Analise Pedley,Female,Compensation Analyst
369871519,Adolph Pedley,Male,Assistant Media Planner
21130255,Modesta MacEntee,Female,Mechanical Systems Engineer
12830739,Julina Rowcastle,Female,Design Engineer
49035393,Jamal Attoc,Male,Account Representative III
63323117,Jakie Shenton,Male,Media Manager II
696001,James Tripcony,Male,Physical Therapy Assistant
616994888,Gael Yurov,Female,Business Systems Development Analyst
649421305,Michaelina De Hooch,Female,Marketing Assistant
492880591,Becka Barlass,Female,Teacher
548681590,Kaela O'Doireidh,Female,Product Engineer
687889203,Lazaro Gouinlock,Male,Project Manager
59572205,Pearla Aspland,Female,Nuclear Power Engineer
51808210,Ashton De Mattei,Male,Chief Design Engineer
63739805,Rita Breakwell,Female,Assistant Professor
50242075,Harwilll Scallon,Male,Sales Associate
49349677,Retha Couzens,Female,Environmental Tech
52959009,Orelle Dibb,Female,Web Developer II
545691155,Siward Stainton - Skinn,Male,Statistician I
438570023,Ric Limbert,Male,Director of Sales
606811002,Sisile Jammet,Female,Community Outreach Specialist
68682004,Kynthia Kettlesing,Female,Technical Writer
9046191,Conrado Van der Daal,Male,Editor
10544151,Amata Dell,Female,Editor
118226101,Tonya Tidball,Female,Occupational Therapist
51655102,Karim Rosevear,Male,Cost Accountant
4093213,Lea Wernham,Female,Chemical Engineer
501148500,Berkeley Roz,Male,Legal Assistant
33237002,Christin Shottin,Female,Product Engineer
551542734,Car Gerwood,Male,Recruiting Manager
672960470,Tammi Hurch,Female,Health Coach I
37012484,Rockwell Cresser,Male,Assistant Manager
11527163,Mateo Reolfi,Male,Compensation Analyst
369872792,Karee Richemond,Female,Paralegal
1130973,Becky Karppi,Female,Account Executive
581181260,Fanechka Fant,Female,Account Representative I
63010011,Gabrielle Scrivenor,Female,Research Associate
37808351,Jocelyn Tatlock,Female,Compensation Analyst
593510333,Malanie McIlroy,Female,VP Accounting
52685454,Linn Gaythwaite,Male,Quality Engineer
24465,Minerva Noir,Female,Safety Technician II
63187087,Eveleen Rittelmeyer,Female,Professor
41520873,Norine Harris,Female,Assistant Professor
49349336,Beverley Elstub,Female,Senior Developer
10812604,Hewet Stithe,Male,VP Quality Control
636291558,Shanon Dudgeon,Female,Environmental Tech
4980401,Gar Vernall,Male,Assistant Media Planner
23155014,Barry Filippello,Male,Senior Cost Accountant
548686162,Colby Pittendreigh,Male,Professor
60760978,Dannie Bold,Male,Occupational Therapist
118220450,Melitta Dulany,Female,Budget/Accounting Analyst IV
63730292,Hunfredo MacChaell,Male,Geological Engineer
60429354,Benita Jandera,Female,Graphic Designer
2830679,Kort Hobbert,Male,Automation Specialist IV
4560095,Cornelius Hirthe,Male,Internal Auditor
501810038,Ibby Druhan,Female,Geological Engineer
609711176,Pammie Drover,Female,Mechanical Systems Engineer
55301411,Tamas Claye,Male,Information Systems Manager
44523450,Eveline McKirdy,Female,Electrical Engineer
649420894,Benetta Matthis,Female,Associate Professor
548685585,Brandtr Playhill,Male,Database Administrator IV
22700143,Cherrita Ebi,Female,Quality Engineer
369873061,Standford Goodhall,Male,Software Consultant
59310175,Vevay Stagg,Female,Registered Nurse
47781103,Kirbee Woolager,Female,Recruiter
67692148,Troy Scoon,Male,Speech Pathologist
3783005,Arte De Angelo,Male,Human Resources Assistant II
68084734,Cybil Seeney,Female,Registered Nurse
369873362,Hadleigh Baptiste,Male,Safety Technician IV
23155112,Loria Chander,Female,Structural Analysis Engineer
64125127,Warden Pund,Male,Information Systems Manager
45802770,Terrell Brocket,Male,General Manager
369873360,Sybille MacParland,Female,Financial Advisor
3951003,Winston Denness,Male,Food Chemist
513937336,Camel Rollo,Female,Programmer Analyst II
4090219,Adams Kaaskooper,Male,Structural Analysis Engineer
75936113,Brose Warlaw,Male,Senior Developer
51386300,Garrard Vonderdell,Male,Human Resources Manager
50988183,Brander Westhofer,Male,VP Quality Control
59779349,Isabelita McKilroe,Female,Data Coordiator
52533103,Gilbert Reven,Male,Senior Cost Accountant
41190915,Isadora Riggoll,Female,Assistant Manager
68345965,Durward Hanvey,Male,Physical Therapy Assistant
687889164,Robers Coker,Male,Programmer I
669696014,Gianna Wycliffe,Female,Pharmacist
482560011,Teddy Arnopp,Female,Engineer III
6032433,Gerladina Beswetherick,Female,Recruiter
5970058,Pavel Griffith,Male,Health Coach II
4850096,Rolfe Hamel,Male,Occupational Therapist
67457483,Gerianne Casa,Female,Human Resources Assistant I
41520851,Kristyn Rosten,Female,Recruiter
49738201,Sonnie Woolnough,Female,Software Consultant
581180517,Laryssa Krystek,Female,Executive Secretary
42507944,Cedric Le Gallo,Male,Professor
46122500,Lindy Mountjoy,Female,Administrative Officer
597626722,Berny Haucke,Female,Automation Specialist IV
505733560,Pren Rosser,Male,Administrative Officer
3784513,Cristen Sainthill,Female,Account Representative II
68016115,Gian Klementz,Male,Senior Cost Accountant
33261158,Yorker Brewis,Male,Dental Hygienist
63736013,Weston Wastie,Male,Technical Writer
515315397,Laryssa Beachem,Female,Computer Systems Analyst I
3631005,Denny Alred,Male,Automation Specialist IV
54162004,Kacie Sheer,Female,Senior Developer
551542095,Sylas Chart,Male,Clinical Specialist
6151590,Gregoor Harries,Male,Quality Engineer
619950212,Adelheid Edgeley,Female,VP Product Management
21695975,Mirna Seedhouse,Female,Business Systems Development Analyst
63044203,Vivien Roelvink,Female,Junior Executive
7815949,Gretta Gencke,Female,Research Nurse
41250236,Cori Shillitoe,Female,Geologist II
68180750,Modestine Gruszczak,Female,Senior Quality Engineer
40042050,Vergil Grafton-Herbert,Male,Mechanical Systems Engineer
369872177,Sindee Cholwell,Female,Financial Analyst
3386307,Antonetta Ebden,Female,Mechanical Systems Engineer
51824014,Cesar Chelam,Male,Associate Professor
52125357,Kristian Mardall,Male,Paralegal
50268688,Tynan Oates,Male,Analyst Programmer
30142001,Jerri Attock,Male,Payment Adjustment Coordinator
68001215,Eadith Khadir,Female,Senior Editor
62932144,Miller Teenan,Male,Dental Hygienist
5271325,Mattheus Leedal,Male,Director of Sales
63187133,Hannie McLellan,Female,Business Systems Development Analyst
489517053,Derrik Emslie,Male,Database Administrator III
64764151,Madelyn Hamal,Female,Engineer II
677501234,Cymbre Gaiger,Female,Senior Editor
584430024,Carol-jean Oxlade,Female,Junior Executive
59779101,Kelcie Scirman,Female,Marketing Assistant
60916002,Gwenneth Godden,Female,Programmer IV
59115056,Westley Prugel,Male,Sales Associate
538080218,Jess Burchess,Male,Associate Professor
66479581,Murray Stiegers,Male,Tax Accountant
11673067,Patti Denman,Female,Chief Design Engineer
606607786,Richy Louth,Male,Professor
49349472,Daryl Haveline,Male,Associate Professor
35356544,Avram Wallicker,Male,Compensation Analyst
16590036,Danika Dunkirk,Female,Programmer Analyst III
437420185,Bailie GiacobbiniJacob,Male,Assistant Manager
3630657,Othilie Caulwell,Female,VP Sales
438570238,Rudyard Heims,Male,Data Coordiator
582320024,Etienne Domnin,Male,Legal Assistant
54575338,Randi Reitenbach,Female,Research Associate
37808595,Daniella Feirn,Female,Media Manager III
117168653,Madelyn Feathersby,Female,Internal Auditor
68428740,Richmound Woodger,Male,Staff Accountant I
3630443,Sarine Curtain,Female,Media Manager IV
41250117,Shadow Blaiklock,Male,Research Associate
55118545,Ward Burston,Male,Director of Sales
10631099,Marcela Nials,Female,Biostatistician IV
369872341,Alexander Chastang,Male,Graphic Designer
55648177,Agosto Amy,Male,Computer Systems Analyst IV
527317003,Austen Crowter,Male,Budget/Accounting Analyst III
132653,Edi Stodd,Female,Senior Financial Analyst
1730756,Lane Lackner,Male,Budget/Accounting Analyst IV
2686699,Fernandina Wadley,Female,Desktop Support Technician
636295013,Rickie Laingmaid,Male,Community Outreach Specialist
49348788,Betteann Temperton,Female,Technical Writer
108195808,Clarisse Ben-Aharon,Female,Software Engineer III
1791804,Charmaine Agiolfinger,Female,Speech Pathologist
59088864,Chevalier Domenico,Male,Civil Engineer
586684281,Inga Emby,Female,Graphic Designer
1730772,Cheston Sweating,Male,GIS Technical Architect
104770809,Wernher Ovanesian,Male,Account Coordinator
100960280,Barr Savage,Male,Accountant II
415957009,Chelsae Yanson,Female,Administrative Assistant IV
54838551,Kenton Secrett,Male,Food Chemist
68180902,Pincas Abarough,Male,Statistician III
41520092,Fedora Cardoo,Female,Sales Representative
101571010,Avrit Broxup,Female,Account Coordinator
43419028,Bernardina Simkin,Female,VP Accounting
52584900,Erminie McCook,Female,Account Executive
339920100,Guillaume Warrington,Male,Editor
52584053,Anselm Dunstone,Male,Desktop Support Technician
346454001,Gunar Gobeaux,Male,Statistician IV
603192001,Boone Rubie,Male,Legal Assistant
52915070,Christa Davidsson,Female,Technical Writer
62756093,Van Crathorne,Male,Systems Administrator IV
557144520,Meggie Gethin,Female,Geologist II
610105400,Carlos Giovanni,Male,Senior Developer
51769980,Chane Firks,Male,Accounting Assistant IV
52125618,Alma Dowson,Female,Account Executive
63304581,Jermaine Ramsdale,Male,Human Resources Manager
64679743,Ulrich Starkie,Male,Senior Sales Associate
662881100,Reeta Khomin,Female,Senior Editor
37012335,Nollie Gazey,Male,Software Engineer III
1872205,Gena Zimek,Female,Statistician II
551545880,Helyn Hedden,Female,Staff Scientist
24909606,Reinald Bruce,Male,Office Assistant III
13913011,Ada MacKenney,Female,Librarian
649421174,Glenn Vasilyev,Male,Actuary
81123,Timi Limpricht,Female,Senior Developer
43063024,Marshal Dulanty,Male,Clinical Specialist
52533080,Peta Maddicks,Female,Web Designer IV
59779389,Marcela Stroton,Female,Budget/Accounting Analyst I
47682101,Keane Clapp,Male,Software Consultant
551542431,Chloe Munnion,Female,Business Systems Development Analyst
61722060,Chaddy Till,Male,Teacher
61139513,Thorpe Gerry,Male,Human Resources Manager
55316998,Curtis Aylmer,Male,Geological Engineer
548685545,Erny Lapwood,Male,Senior Editor
650442320,Rebbecca Sibbson,Female,Software Consultant
68016081,Gaston Leeman,Male,Database Administrator IV
37808416,Darbie Harroll,Female,Media Manager II
1680151,Beckie Kellick,Female,Financial Advisor
53247330,Maggi Bibby,Female,Web Designer I
42957001,Barny Ferentz,Male,VP Accounting
489513145,Merv Sherewood,Male,Teacher
37808386,Evangelina Blenkin,Female,Paralegal
20276433,Shermy Littlechild,Male,Structural Engineer
41268441,Korella Blastock,Female,Executive Secretary
551547453,Ofelia Bevans,Female,Geologist I
541187188,Cornell Duddle,Male,Project Manager
46122245,Dwight Dome,Male,Computer Systems Analyst III
61314294,Alf Alsina,Male,Engineer IV
64117228,Cindelyn Pittson,Female,Sales Associate
42546175,Neils Mandrey,Male,Financial Advisor
758571123,Ronni Jeffress,Female,Budget/Accounting Analyst I
55648172,Brandtr Ianizzi,Male,Environmental Specialist
76461910,Loree Payne,Female,Structural Engineer
549733112,Mallissa O'Connel,Female,Geologist I
64117293,Lucinda Mackro,Female,Systems Administrator I
55312160,Daphna Winckworth,Female,Web Developer IV
242792,Hobie McRoberts,Male,Civil Engineer
369872585,Yvon Hodgin,Male,Staff Accountant I
42291886,Alexine Wadforth,Female,Recruiter
59746383,Sarita Harrhy,Female,Human Resources Assistant I
50484303,Fredek Curwen,Male,Software Engineer I
50438102,Ninon Vinsen,Female,Physical Therapy Assistant
1130425,Paloma Keatch,Female,Environmental Specialist
15127900,Alexandre Shercliff,Male,Geological Engineer
6416068,Maritsa Kilner,Female,Accounting Assistant II
11673536,Wilona Punch,Female,Analyst Programmer
47593458,Gayle Shillabeer,Female,Editor
369872515,Jon Alvar,Male,Registered Nurse
63187009,Jefferey Tourle,Male,Chief Design Engineer
55319619,Olive Rodolf,Female,Analyst Programmer
650449961,Isidora Brugger,Female,Research Assistant IV
10702018,Melodee Lindholm,Female,VP Sales
548683533,Cacilia Vina,Female,Paralegal
548686387,Stephannie Senett,Female,Marketing Assistant
51346144,Lester Harpham,Male,Associate Professor
61919178,Ker Borsi,Male,Clinical Specialist
1723762,Kary Bellord,Female,VP Sales
57664056,Kincaid Wavish,Male,Clinical Specialist
489517116,Kelby Ingleton,Male,Chemical Engineer
52584482,Cy Trenoweth,Male,Developer IV
69161002,Dimitry Quillinane,Male,Database Administrator III
579551531,Patton Ritmeyer,Male,Financial Advisor
65841695,Christie Cerie,Female,Electrical Engineer
10893520,Tiebout Usherwood,Male,Physical Therapy Assistant
675100026,Frederic Oulett,Male,Information Systems Manager
21695575,Karlen Cocozza,Female,Associate Professor
52019001,Lanita Kelson,Female,Structural Analysis Engineer
49349991,Jaquelyn Pietersma,Female,Web Developer III
369871806,Avrit Pinnock,Female,Geologist IV
606813003,Tedd Standbrook,Male,Legal Assistant
42281003,Adore Juschka,Female,Financial Analyst
935517,Brantley Elflain,Male,Computer Systems Analyst III
16714613,Way Feild,Male,Senior Editor
75940122,Arnie Fiddiman,Male,Geologist IV
548686253,Casey Seale,Male,Senior Sales Associate
636294458,Godfree Trase,Male,Assistant Media Planner
743799,Templeton Cleyne,Male,Graphic Designer
2686686,Mitzi Mussettini,Female,Environmental Specialist
32909723,De witt Abramovitz,Male,Web Designer IV
31190500,Elyssa O'Rudden,Female,Help Desk Technician
76126007,Egbert Cassely,Male,Nurse
60432455,Angelica Bohman,Female,Software Engineer IV
49349531,June Tattam,Female,Software Consultant
49349774,Kaylyn Boutellier,Female,Administrative Assistant III
51346083,Teressa Pittle,Female,Actuary
64117150,Arel Cass,Male,Systems Administrator III
63739284,Reube Phettis,Male,Programmer Analyst IV
36800523,Ali Topper,Male,Compensation Analyst
605052640,Yasmeen Antognazzi,Female,Project Manager
622960036,Bert Giacomoni,Female,Nurse Practicioner
51143066,Frances Acomb,Female,Safety Technician IV
63868926,Kienan De Ruel,Male,Software Engineer I
9045869,Shannan Humfrey,Male,Civil Engineer
21695146,Esmeralda Prodrick,Female,Help Desk Operator
50268453,Moira Bearward,Female,Chemical Engineer
53489590,Nikaniki Ciccottini,Female,Web Designer I
4401385,Sergeant Walkley,Male,Chief Design Engineer
369872079,Ali Repper,Female,Systems Administrator IV
68472132,Anna-diane Jeanesson,Female,Recruiter
489511037,Elwira Maylam,Female,Account Representative II
37000587,Zacherie Aartsen,Male,Senior Financial Analyst
55150125,Elysha Marquez,Female,Assistant Manager
3630057,Iver Thaxter,Male,Social Worker
16729248,Anastasia Margiotta,Female,Chief Design Engineer
76331807,Reena Huelin,Female,Editor
369873262,Estelle Gunter,Female,Business Systems Development Analyst
49643104,Glendon Brazier,Male,Research Nurse
582320702,Andrew Siviter,Male,Food Chemist
492880326,Neddie Pedder,Male,Senior Editor
65162642,Olvan Strewthers,Male,Product Engineer
507308719,Elmo Kornacki,Male,Financial Analyst
687880920,Ursuline Umpleby,Female,VP Accounting
13537113,Heath Cordingly,Female,Computer Systems Analyst I
10019035,Sanderson Northbridge,Male,Physical Therapy Assistant
63517101,Weidar Elliot,Male,Analyst Programmer
41163603,Gabriellia Bard,Female,Software Test Engineer IV
49967372,Sally Timmes,Female,Associate Professor
45802759,Tedie Newlove,Male,Assistant Professor
55648787,Standford Longhorne,Male,Account Representative I
42627257,Prissie O'Dempsey,Female,Structural Analysis Engineer
369872932,Wilton Sinnott,Male,Project Manager
35356926,Timmie Pehrsson,Male,Database Administrator II
650441791,Elnore Lampens,Female,Dental Hygienist
5910932,Valery Crole,Female,Senior Cost Accountant
687451057,Riannon Vaisey,Female,Environmental Specialist
13537048,Archibold Childerhouse,Male,Design Engineer
635395195,Lorry Chateau,Female,Nurse Practicioner
438570300,Herminia Van Daalen,Female,Desktop Support Technician
7812195,Wallie Wingham,Female,Payment Adjustment Coordinator
1151232,Wyatt Dysert,Male,Analog Circuit Design manager
55655121,Tilda Cromley,Female,Human Resources Manager
43063260,Zea Chevalier,Female,Accountant I
65954382,Brenda Bernardeau,Female,Civil Engineer
24385594,Gawen McQuie,Male,Recruiting Manager
2801146,Rockey Basilotta,Male,Teacher
68645320,Isidor McCumesky,Male,VP Quality Control
62756552,Alford Mainds,Male,Account Representative I
4097139,Guss Yetman,Male,Data Coordiator
851132,Valeria Abram,Female,Account Representative III
37205844,Ahmed Lodeke,Male,Computer Systems Analyst II
489511191,Creighton McTrustrie,Male,Legal Assistant
2681046,Fey Emig,Female,Assistant Media Planner
22431582,Kayle Trevillion,Female,Professor
597622310,Daron Hyatt,Female,Systems Administrator I
59450200,Ramon Filipson,Male,Geological Engineer
5550860,Guillermo Schwerin,Male,Administrative Officer
41163156,Mariquilla Kernaghan,Female,Environmental Tech
75866306,Fergus Fransinelli,Male,Marketing Manager
16590987,Cleveland Bracchi,Male,Nuclear Power Engineer
369872245,Daisi Lindroos,Female,Cost Accountant
57844115,Brianne Tudbald,Female,Senior Sales Associate
107428223,Bendix Cridlan,Male,Graphic Designer
6034998,Carey Criple,Female,Web Designer III
686390001,Jud Dominelli,Male,VP Marketing
3785504,Kalie Stockell,Female,Business Systems Development Analyst
53389251,Anjanette Joselin,Female,Human Resources Manager
52125774,Jilleen Bennit,Female,Junior Executive
52959579,Joey MacConnell,Male,Junior Executive
551547566,Hinze Bonhan,Male,Environmental Specialist
55316426,Dylan Shotter,Male,Recruiting Manager
758570001,Wilmar Dourin,Male,Senior Developer
59779600,Franzen Kirkman,Male,Staff Accountant III
46994329,Sela Marsters,Female,Cost Accountant
548686220,Stevie Crossingham,Male,Budget/Accounting Analyst IV
3630604,Tadeo Pyson,Male,Geological Engineer
68382027,Tedra Wasbey,Female,Media Manager IV
68472072,Cariotta Perel,Female,Internal Auditor
4407805,Adiana Langshaw,Female,Occupational Therapist
36800980,Milzie Sutherby,Female,Nurse Practicioner
681512871,Marla Essery,Female,Accountant IV
759043343,Cornall Canizares,Male,Teacher
597621412,Jenna Fathers,Female,Project Manager
54575348,Ardelia Toll,Female,Research Assistant I
5191357,Caitrin Povall,Female,Web Designer IV
41520140,Esra Copp,Male,Dental Hygienist
76328333,Hayward Audry,Male,Programmer Analyst III
636291671,Koral Foy,Female,Research Nurse
68105005,Ahmed Suggett,Male,Project Manager
636295094,Kingston Scotsbrook,Male,Project Manager
435960011,Orsola Allonby,Female,Recruiter
575200034,Kirsten Shoobridge,Female,Recruiting Manager
66259701,Estele Baggett,Female,Structural Engineer
24571111,Ulysses Stansbie,Male,Executive Secretary
58474010,Bear Polin,Male,Internal Auditor
68382795,Russ Hamon,Male,Database Administrator IV
23155128,Brnaby Hurich,Male,Geological Engineer
438570294,Winny Piscot,Female,Cost Accountant
37808230,Bonita Veracruysse,Female,Geological Engineer
636291346,Timoteo Lidgertwood,Male,Senior Cost Accountant
57664229,Gare Flaherty,Male,Cost Accountant
559260014,Alla Zuker,Female,Information Systems Manager
25021656,Rozanne Fanton,Female,Director of Sales
339923003,Kalli Coslett,Female,Business Systems Development Analyst
61727303,Sascha Rallinshaw,Male,Database Administrator II
49884929,Albert O'Cosgra,Male,Software Test Engineer II
52125595,Orville Argyle,Male,Executive Secretary
551543379,Derick Scottesmoor,Male,VP Product Management
548686090,Sanderson Gillino,Male,Administrative Officer
68472081,Diana Scruby,Female,Occupational Therapist
10812204,Ryon Glasscoo,Male,Actuary
58214100,Kevina Biggin,Female,Compensation Analyst
41250167,Ronni Humpage,Female,Librarian
49671002,Lemuel Huggin,Male,Assistant Manager
9045980,Idell Merrell,Female,VP Product Management
606817002,Keary Leebeter,Male,Cost Accountant
60740,Tirrell Hegg,Male,Account Executive
636291468,Tyler Okeshott,Male,Analyst Programmer
55711070,Giavani Hugle,Male,Media Manager III
3630149,Geno Gristock,Male,Physical Therapy Assistant
52054215,Vince Sheekey,Male,Financial Advisor
7815385,Ignazio Casetti,Male,Human Resources Assistant I
24987437,Boycie Seed,Male,Project Manager
575200401,Weider Dinnis,Male,VP Accounting
369872288,Naomi Piscopello,Female,Accountant II
489513141,Zitella Thackston,Female,Financial Advisor
369871348,Tonie Gueste,Female,Recruiting Manager
2680030,Sherman Bennett,Male,Senior Editor
11559729,Abbie Lehemann,Male,Chief Design Engineer
55143011,Anny Bowick,Female,VP Marketing
49778001,Marlo Larkins,Male,Operator
